﻿<?xml version="1.0"?>
<doc>
<assembly>
<name>
Integrateur_Edigeo
</name>
</assembly>
<members>
<member name="P:Integrateur_Edigeo.Mdc.EspaceReel">
	<summary>
	</summary>
	<value></value>
	<returns></returns>
	<remarks>Declenche l'evenement EspaceReelChanged</remarks>
</member><member name="P:Integrateur_Edigeo.Mdc.IsBMP">
	<summary>
 Indique si le Mdc concerne un bitmap en mémoire.
 </summary>
	<value></value>
	<returns></returns>
	<remarks></remarks>
</member><member name="M:Integrateur_Edigeo.Mdc.Release">
	<summary>
 Disposes les buffers.
 </summary>
	<remarks></remarks>
</member><member name="F:Integrateur_Edigeo.NatureRel.ICO">
	<summary>
 Est composé de
 </summary>
	<remarks></remarks>
</member><member name="F:Integrateur_Edigeo.NatureRel.IDB">
	<summary>
 est représenté par
 </summary>
	<remarks></remarks>
</member><member name="F:Integrateur_Edigeo.NatureRel.IDR">
	<summary>
 Est representé +/- par
 </summary>
	<remarks></remarks>
</member><member name="F:Integrateur_Edigeo.NatureRel.IND">
	<summary>
 a pour noeud initial
 </summary>
	<remarks></remarks>
</member><member name="F:Integrateur_Edigeo.NatureRel.FND">
	<summary>
 a pour noeud final
 </summary>
	<remarks></remarks>
</member><member name="F:Integrateur_Edigeo.NatureRel.LPO">
	<summary>
 a pour face gauche
 </summary>
	<remarks></remarks>
</member><member name="F:Integrateur_Edigeo.NatureRel.RPO">
	<summary>
 a pour face droite
 </summary>
	<remarks></remarks>
</member><member name="F:Integrateur_Edigeo.NatureRel.ILI">
	<summary>
 est inclus dans
 </summary>
	<remarks></remarks>
</member><member name="F:Integrateur_Edigeo.NatureRel.BET">
	<summary>
 appartient à 
 </summary>
	<remarks></remarks>
</member><member name="F:Integrateur_Edigeo.NatureObjetSCD.CPX">
	<summary>
 Objet complexe
 </summary>
	<remarks></remarks>
</member><member name="F:Integrateur_Edigeo.NatureObjetSCD.PCT">
	<summary>
 Objet simple ponctuel
 </summary>
	<remarks></remarks>
</member><member name="F:Integrateur_Edigeo.NatureObjetSCD.LIN">
	<summary>
 Objet simple linéaire
 </summary>
	<remarks></remarks>
</member><member name="F:Integrateur_Edigeo.NatureObjetSCD.ARE">
	<summary>
 Objet simple surfacique
 </summary>
	<remarks></remarks>
</member><member name="F:Integrateur_Edigeo.ErreurLectureEDIGEO.NON">
	<summary>
 pas d'erreur
 </summary>
	<remarks></remarks>
</member><member name="F:Integrateur_Edigeo.ErreurLectureEDIGEO.BOM">
	<summary>
 pas de début
 </summary>
	<remarks></remarks>
</member><member name="F:Integrateur_Edigeo.ErreurLectureEDIGEO.CSE">
	<summary>
 manque jeu de caractère
 </summary>
	<remarks></remarks>
</member><member name="F:Integrateur_Edigeo.ErreurLectureEDIGEO.EOM">
	<summary>
 pas de fin
 </summary>
	<remarks></remarks>
</member><member name="F:Integrateur_Edigeo.ErreurLectureEDIGEO.LEN8">
	<summary>
 Longueur inf à 8
 </summary>
	<remarks></remarks>
</member><member name="F:Integrateur_Edigeo.ErreurLectureEDIGEO.LEND">
	<summary>
 longueur data incohérente
 </summary>
	<remarks></remarks>
</member><member name="F:Integrateur_Edigeo.ErreurLectureEDIGEO.PT2">
	<summary>
 pas de séparateur :
 </summary>
	<remarks></remarks>
</member><member name="F:Integrateur_Edigeo.ErreurLectureEDIGEO.VIDE">
	<summary>
 ligne vide
 </summary>
	<remarks></remarks>
</member><member name="F:Integrateur_Edigeo.ErreurLectureEDIGEO.GTL">
	<summary>
 Pas de descripteur de lot
 </summary>
	<remarks></remarks>
</member><member name="F:Integrateur_Edigeo.ErreurLectureEDIGEO.NODIC">
	<summary>
 Pas de fichier dictionnaire
 </summary>
	<remarks></remarks>
</member><member name="F:Integrateur_Edigeo.ErreurLectureEDIGEO.NOSCD">
	<summary>
 pas de fichier SCD
 </summary>
	<remarks></remarks>
</member><member name="F:Integrateur_Edigeo.ErreurLectureEDIGEO.NOVEC">
	<summary>
 Manque un fichier vecteur
 </summary>
	<remarks></remarks>
</member><member name="F:Integrateur_Edigeo.ErreurLectureEDIGEO.DESC4">
	<summary>
 Mauvaise structure Descripteur Référence
 </summary>
	<remarks></remarks>
</member><member name="F:Integrateur_Edigeo.ErreurStructure.NONE">
	<summary>
 pas d'erreur
 </summary>
	<remarks></remarks>
</member><member name="F:Integrateur_Edigeo.ErreurStructure.DICOBJ">
	<summary>
 Erreur structure obj dans dictionnaire
 </summary>
	<remarks></remarks>
</member><member name="F:Integrateur_Edigeo.ErreurStructure.DICATT">
	<summary>
 Erreur structure attribut dans dictionnaire
 </summary>
	<remarks></remarks>
</member><member name="F:Integrateur_Edigeo.ErreurStructure.DICREL">
	<summary>
 Erreur structure relation dans dictionnaire
 </summary>
	<remarks></remarks>
</member><member name="F:Integrateur_Edigeo.ErreurStructure.SCDOBJ">
	<summary>
 Erreur structure objet dans SCD
 </summary>
	<remarks></remarks>
</member><member name="F:Integrateur_Edigeo.ErreurStructure.SCDPRIM">
	<summary>
 Erreur structure primitive dans SCD
 </summary>
	<remarks></remarks>
</member><member name="F:Integrateur_Edigeo.ErreurStructure.SCDATT">
	<summary>
 Erreur structure attribut dans SCD
 </summary>
	<remarks></remarks>
</member><member name="F:Integrateur_Edigeo.ErreurStructure.SCDRELSEM">
	<summary>
 Erreur structure relation sémantique dans SCD
 </summary>
	<remarks></remarks>
</member><member name="F:Integrateur_Edigeo.ErreurStructure.SCDRELCONSTR">
	<summary>
 Erreur structure realtion de construction dans SCD
 </summary>
	<remarks></remarks>
</member><member name="F:Integrateur_Edigeo.ErreurStructure.VECARC">
	<summary>
 Erreur structure ARC VEC
 </summary>
	<remarks></remarks>
</member><member name="F:Integrateur_Edigeo.ErreurStructure.VECNOEUD">
	<summary>
 Erreur structure noeud VEC
 </summary>
	<remarks></remarks>
</member><member name="F:Integrateur_Edigeo.ErreurStructure.VECFACE">
	<summary>
 Erreur structure FACE VEC
 </summary>
	<remarks></remarks>
</member><member name="F:Integrateur_Edigeo.ErreurStructure.VECOBJ">
	<summary>
 Erreur structure Objet VEC
 </summary>
	<remarks></remarks>
</member><member name="F:Integrateur_Edigeo.ErreurStructure.VECRELATION">
	<summary>
 Erreur structure relation construction VEC
 </summary>
	<remarks></remarks>
</member><member name="P:Integrateur_Edigeo.My.Resources.Resources.ResourceManager">
	<summary>
  Retourne l'instance ResourceManager mise en cache utilisée par cette classe.
</summary>
</member><member name="P:Integrateur_Edigeo.My.Resources.Resources.Culture">
	<summary>
  Remplace la propriété CurrentUICulture du thread actuel pour toutes
  les recherches de ressources à l'aide de cette classe de ressource fortement typée.
</summary>
</member><member name="T:Integrateur_Edigeo.My.Resources.Resources">
	<summary>
  Une classe de ressource fortement typée destinée, entre autres, à la consultation des chaînes localisées.
</summary>
</member>
</members>
</doc>